[
  {
      "id": "0",
      "ville": "kec",
      "region": "5"
  },
  {
      "id": "1",
      "ville": "Erode",
      "region": "9"
  },
  {
      "id": "2",
      "ville": "palani",
      "region": "8"
  },
  {
      "id": "3",
      "ville": "tirupur",
      "region": "5"
  },
  {
      "id": "4",
      "ville": "dindigul",
      "region": "9"
  },
  {
      "id": "5",
      "ville": "Madurai",
      "region": "3"
  },
  {
      "id": "6",
      "ville": "namakal",
      "region": "2"
  },
  {
      "id": "7",
      "ville": "salem",
      "region": "4"
  },
  {
      "id": "8",
      "ville": "thrichy",
      "region": "3"
  },
  {
      "id": "9",
      "ville": "chennai",
      "region": "7"
  },
  {
      "id": "10",
      "ville": "vellore‎",
      "region": "1"
  },
  {
      "id": "11",
      "ville": "pollachi",
      "region": "1"
  },
  {
      "id": "12",
      "ville": "theni",
      "region": "9"
  },
  {
      "id": "13",
      "ville": "cuddalore",
      "region": "2"
  },
  {
      "id": "14",
      "ville": "coimbatore‎",
      "region": "3"
  },
  {
      "id": "15",
      "ville": "thanjavur",
      "region": "2"
  }
]